seattle, 649
washington, 222
france, 45
newyork, 45
san francisco, 35
rome, 25
vatican, 23
california, 22
hollywood, 20
king county, 17
tacoma, 17
oregon, 16
united states, 15
vietnam, 12
chicago, 11
los angeles, 10
america, 9
new york city, 8
olympia, 7
idaho, 7
london, 6
lesbian city, 6
new jersey, 6
pittsburgh, 6
philadelphia, 5
russia, 5
cuba, 5
washington dc, 5
seattle city, 4
canada, 4
vancouver, 4
lover, 4
renton hills, 4
renton, 4
renton hill, 4
sirico, 4
florida, 4
miami, 4
texas, 3
georgia, 3
moscow, 3
wilhelmina, 3
paris, 3
discrimina, 3
montana, 3
barton, 3
thou, 3
gay city, 3
ellensburg, 3
dade county, 3
dignitys, 3
portland, 3
queencity, 3
alaska, 2
collinss, 2
kansas, 2
nevada, 2
scity, 2
horseshoe, 2
new city, 2
stlouis, 2
stonewall, 2
womens, 2
commu, 2
lesbian, 2
berlin, 2
houston, 2
broadway, 2
missouri, 2
dallas, 2
city county, 2
bingo, 2
varietyvaudeville, 2
virginia, 2
springfield, 2
northwest fountain, 2
iowa, 2
alan, 2
tina, 2
seattleke county, 2
district columbia, 1
impos, 1
obrien sociologist, 1
xvi, 1
geography  city, 1
witt, 1
marry importance, 1
passerby, 1
san juans, 1
san franciscos, 1
tripletshad, 1
sena, 1
signedby county, 1
hongkong, 1
knittel, 1
stairway, 1
teenager, 1
visibility city, 1
yearsand, 1
garfield county, 1
uncouth, 1
massachusetts, 1
westyoung, 1
evershifte, 1
alberte, 1
bulldog, 1
egypt, 1
northdeadline, 1
tennessee, 1
greatcity, 1
southyesler, 1
layton, 1
kindre, 1
north city, 1
herbert, 1
sanity, 1
evanss, 1
westseattle, 1
namescatatonia, 1
struggle city, 1
strongwille, 1
losangeles county, 1
washington state, 1
pagesand, 1
shadowland, 1
indianapolis, 1
direc, 1
minneapolis, 1
westinitial, 1
vaudeville city, 1
pourcity, 1
arlington, 1
frille, 1
hinton, 1
decadelong, 1
queenand, 1
keeper city, 1
alberta, 1
get united states, 1
bottle, 1
sgrandunion, 1
horseshoe jake, 1
jake, 1
smistake, 1
noticeperhap city, 1
suggestcity, 1
sanjose, 1
calif, 1
callbox, 1
bannere, 1
new york philadelphia, 1
lucas, 1
estcity, 1
west coast, 1
thous and mark, 1
bellevue, 1
enrolcity, 1
brooklyn, 1
soak, 1
vienna, 1
sanfran, 1
lake washington, 1
east lake union, 1
fremont, 1
meyerde, 1
covenlocate lake city, 1
cambodia, 1
strip, 1
marijuana, 1
north san francisco, 1
lakecityday, 1
baltimore, 1
thatincity, 1
southrenton, 1
descrip, 1
portangeles, 1
unsettle county, 1
hillin, 1
ulybastille, 1
neworleans, 1
ulti, 1
erratic, 1
matchbox, 1
seattle hipperthan, 1
time city, 1
orange county, 1
hill, 1
conserva, 1
south carolina, 1
visitor city, 1
liaison city, 1
italy, 1
barwick, 1
recommen, 1
connecticut, 1
illinois, 1
promis, 1
king tvprepare city, 1
tenczar, 1
pornoarcade, 1
elapse, 1
brydoncity, 1
momentum city, 1
wathand, 1
detroit, 1
ishlyhand, 1
requestcity, 1
microphone city, 1
dome, 1
funda, 1
stan, 1
oncegay, 1
midoctober, 1
ninepersonboardall, 1
capitolhills, 1
northsouth, 1
districtblocklong, 1
glitterin, 1
doorand, 1
rentonhillpotluckpicnic, 1
districtan, 1
mecca, 1
moneyhad, 1
helenamontana, 1
pittsburghseminary, 1
netherlands, 1
masshomosexualsand, 1
newyorkyear, 1
eastjohnstreet, 1
eastjohn, 1
wisconsin, 1
southend, 1
woelich, 1
seattlebathhouse, 1
thousand, 1
guam, 1
oklahoma, 1
tijuana, 1
mexico, 1
kingtv, 1
picturesroe, 1
monroe, 1
clark county, 1
klux, 1
busiestfille, 1
boardto, 1
eastrenton, 1
sixtyone, 1
kidif, 1
bien, 1
ocas, 1
spurle, 1
olympiamonthlater, 1
boardand, 1
kris, 1
timewould, 1
southafrica, 1
chlamydia, 1
lucille, 1
johannas, 1
homophobia, 1
aprhate, 1
santamonica, 1
squad, 1
aprc, 1
aprantigay, 1
antispye, 1
qcbg, 1
febvaticansspecial, 1
apr, 1
newpittsburgh, 1
bulletin, 1
julie, 1
warrenking county, 1
olympian, 1
rob, 1
kangas, 1
lewisburg, 1
kentucky, 1
